"period","archive_name","csv_file","column"
"2026-27-q1","quarterly","nhstalkingtherapies_quarterly_ICB_subICB_q1_26_27.csv","GroupType"
"2026-27-q1","quarterly","nhstalkingtherapies_quarterly_ICB_subICB_q1_26_27.csv","ICB"
"2026-27-q1","quarterly","nhstalkingtherapies_quarterly_ICB_subICB_q1_26_27.csv","ICBName"
"2026-27-q1","quarterly","nhstalkingtherapies_quarterly_ICB_subICB_q1_26_27.csv","MEASURE_ID"
"2026-27-q1","quarterly","nhstalkingtherapies_quarterly_ICB_subICB_q1_26_27.csv","MEASURE_NAME"
"2026-27-q1","quarterly","nhstalkingtherapies_quarterly_ICB_subICB_q1_26_27.csv","MEASURE_VALUE_SUPPRESSED"
"2026-27-q1","quarterly","nhstalkingtherapies_quarterly_ICB_subICB_q1_26_27.csv","Provider"
"2026-27-q1","quarterly","nhstalkingtherapies_quarterly_ICB_subICB_q1_26_27.csv","ProviderName"
"2026-27-q1","quarterly","nhstalkingtherapies_quarterly_ICB_subICB_q1_26_27.csv","REPORTING_PERIOD_END"
"2026-27-q1","quarterly","nhstalkingtherapies_quarterly_ICB_subICB_q1_26_27.csv","REPORTING_PERIOD_START"
"2026-27-q1","quarterly","nhstalkingtherapies_quarterly_ICB_subICB_q1_26_27.csv","SubICB"
"2026-27-q1","quarterly","nhstalkingtherapies_quarterly_ICB_subICB_q1_26_27.csv","SubICBName"
"2026-27-q1","quarterly","nhstalkingtherapies_quarterly_ICB_subICB_q1_26_27.csv","VariableA"
"2026-27-q1","quarterly","nhstalkingtherapies_quarterly_ICB_subICB_q1_26_27.csv","VariableB"
"2026-27-q1","quarterly","nhstalkingtherapies_quarterly_ICB_subICB_q1_26_27.csv","VariableType"
"2026-27-q1","quarterly","nhstalkingtherapies_quarterly_provider_q1_26_27.csv","GroupType"
"2026-27-q1","quarterly","nhstalkingtherapies_quarterly_provider_q1_26_27.csv","ICB"
"2026-27-q1","quarterly","nhstalkingtherapies_quarterly_provider_q1_26_27.csv","ICBName"
"2026-27-q1","quarterly","nhstalkingtherapies_quarterly_provider_q1_26_27.csv","MEASURE_ID"
"2026-27-q1","quarterly","nhstalkingtherapies_quarterly_provider_q1_26_27.csv","MEASURE_NAME"
"2026-27-q1","quarterly","nhstalkingtherapies_quarterly_provider_q1_26_27.csv","MEASURE_VALUE_SUPPRESSED"
"2026-27-q1","quarterly","nhstalkingtherapies_quarterly_provider_q1_26_27.csv","Provider"
"2026-27-q1","quarterly","nhstalkingtherapies_quarterly_provider_q1_26_27.csv","ProviderName"
"2026-27-q1","quarterly","nhstalkingtherapies_quarterly_provider_q1_26_27.csv","REPORTING_PERIOD_END"
"2026-27-q1","quarterly","nhstalkingtherapies_quarterly_provider_q1_26_27.csv","REPORTING_PERIOD_START"
"2026-27-q1","quarterly","nhstalkingtherapies_quarterly_provider_q1_26_27.csv","SubICB"
"2026-27-q1","quarterly","nhstalkingtherapies_quarterly_provider_q1_26_27.csv","SubICBName"
"2026-27-q1","quarterly","nhstalkingtherapies_quarterly_provider_q1_26_27.csv","VariableA"
"2026-27-q1","quarterly","nhstalkingtherapies_quarterly_provider_q1_26_27.csv","VariableB"
"2026-27-q1","quarterly","nhstalkingtherapies_quarterly_provider_q1_26_27.csv","VariableType"
"2026-27-q1","quarterly","nhstalkingtherapies_quarterly_subICB_provider_q1_26_27.csv","GroupType"
"2026-27-q1","quarterly","nhstalkingtherapies_quarterly_subICB_provider_q1_26_27.csv","ICB"
"2026-27-q1","quarterly","nhstalkingtherapies_quarterly_subICB_provider_q1_26_27.csv","ICBName"
"2026-27-q1","quarterly","nhstalkingtherapies_quarterly_subICB_provider_q1_26_27.csv","MEASURE_ID"
"2026-27-q1","quarterly","nhstalkingtherapies_quarterly_subICB_provider_q1_26_27.csv","MEASURE_NAME"
"2026-27-q1","quarterly","nhstalkingtherapies_quarterly_subICB_provider_q1_26_27.csv","MEASURE_VALUE_SUPPRESSED"
"2026-27-q1","quarterly","nhstalkingtherapies_quarterly_subICB_provider_q1_26_27.csv","Provider"
"2026-27-q1","quarterly","nhstalkingtherapies_quarterly_subICB_provider_q1_26_27.csv","ProviderName"
"2026-27-q1","quarterly","nhstalkingtherapies_quarterly_subICB_provider_q1_26_27.csv","REPORTING_PERIOD_END"
"2026-27-q1","quarterly","nhstalkingtherapies_quarterly_subICB_provider_q1_26_27.csv","REPORTING_PERIOD_START"
"2026-27-q1","quarterly","nhstalkingtherapies_quarterly_subICB_provider_q1_26_27.csv","SubICB"
"2026-27-q1","quarterly","nhstalkingtherapies_quarterly_subICB_provider_q1_26_27.csv","SubICBName"
"2026-27-q1","quarterly","nhstalkingtherapies_quarterly_subICB_provider_q1_26_27.csv","VariableA"
"2026-27-q1","quarterly","nhstalkingtherapies_quarterly_subICB_provider_q1_26_27.csv","VariableB"
"2026-27-q1","quarterly","nhstalkingtherapies_quarterly_subICB_provider_q1_26_27.csv","VariableType"
"2025-26-q4","quarterly","nhstalkingtherapies_quarterly_ICB_subICB_q4_25_26.csv","GroupType"
"2025-26-q4","quarterly","nhstalkingtherapies_quarterly_ICB_subICB_q4_25_26.csv","ICB"
"2025-26-q4","quarterly","nhstalkingtherapies_quarterly_ICB_subICB_q4_25_26.csv","ICBName"
"2025-26-q4","quarterly","nhstalkingtherapies_quarterly_ICB_subICB_q4_25_26.csv","MEASURE_ID"
"2025-26-q4","quarterly","nhstalkingtherapies_quarterly_ICB_subICB_q4_25_26.csv","MEASURE_NAME"
"2025-26-q4","quarterly","nhstalkingtherapies_quarterly_ICB_subICB_q4_25_26.csv","MEASURE_VALUE_SUPPRESSED"
"2025-26-q4","quarterly","nhstalkingtherapies_quarterly_ICB_subICB_q4_25_26.csv","Provider"
"2025-26-q4","quarterly","nhstalkingtherapies_quarterly_ICB_subICB_q4_25_26.csv","ProviderName"
"2025-26-q4","quarterly","nhstalkingtherapies_quarterly_ICB_subICB_q4_25_26.csv","REPORTING_PERIOD_END"
"2025-26-q4","quarterly","nhstalkingtherapies_quarterly_ICB_subICB_q4_25_26.csv","REPORTING_PERIOD_START"
"2025-26-q4","quarterly","nhstalkingtherapies_quarterly_ICB_subICB_q4_25_26.csv","SubICB"
"2025-26-q4","quarterly","nhstalkingtherapies_quarterly_ICB_subICB_q4_25_26.csv","SubICBName"
"2025-26-q4","quarterly","nhstalkingtherapies_quarterly_ICB_subICB_q4_25_26.csv","VariableA"
"2025-26-q4","quarterly","nhstalkingtherapies_quarterly_ICB_subICB_q4_25_26.csv","VariableB"
"2025-26-q4","quarterly","nhstalkingtherapies_quarterly_ICB_subICB_q4_25_26.csv","VariableType"
"2025-26-q4","quarterly","nhstalkingtherapies_quarterly_provider_q4_25_26.csv","GroupType"
"2025-26-q4","quarterly","nhstalkingtherapies_quarterly_provider_q4_25_26.csv","ICB"
"2025-26-q4","quarterly","nhstalkingtherapies_quarterly_provider_q4_25_26.csv","ICBName"
"2025-26-q4","quarterly","nhstalkingtherapies_quarterly_provider_q4_25_26.csv","MEASURE_ID"
"2025-26-q4","quarterly","nhstalkingtherapies_quarterly_provider_q4_25_26.csv","MEASURE_NAME"
"2025-26-q4","quarterly","nhstalkingtherapies_quarterly_provider_q4_25_26.csv","MEASURE_VALUE_SUPPRESSED"
"2025-26-q4","quarterly","nhstalkingtherapies_quarterly_provider_q4_25_26.csv","Provider"
"2025-26-q4","quarterly","nhstalkingtherapies_quarterly_provider_q4_25_26.csv","ProviderName"
"2025-26-q4","quarterly","nhstalkingtherapies_quarterly_provider_q4_25_26.csv","REPORTING_PERIOD_END"
"2025-26-q4","quarterly","nhstalkingtherapies_quarterly_provider_q4_25_26.csv","REPORTING_PERIOD_START"
"2025-26-q4","quarterly","nhstalkingtherapies_quarterly_provider_q4_25_26.csv","SubICB"
"2025-26-q4","quarterly","nhstalkingtherapies_quarterly_provider_q4_25_26.csv","SubICBName"
"2025-26-q4","quarterly","nhstalkingtherapies_quarterly_provider_q4_25_26.csv","VariableA"
"2025-26-q4","quarterly","nhstalkingtherapies_quarterly_provider_q4_25_26.csv","VariableB"
"2025-26-q4","quarterly","nhstalkingtherapies_quarterly_provider_q4_25_26.csv","VariableType"
"2025-26-q4","quarterly","nhstalkingtherapies_quarterly_subICB_provider_q4_25_26.csv","GroupType"
"2025-26-q4","quarterly","nhstalkingtherapies_quarterly_subICB_provider_q4_25_26.csv","ICB"
"2025-26-q4","quarterly","nhstalkingtherapies_quarterly_subICB_provider_q4_25_26.csv","ICBName"
"2025-26-q4","quarterly","nhstalkingtherapies_quarterly_subICB_provider_q4_25_26.csv","MEASURE_ID"
"2025-26-q4","quarterly","nhstalkingtherapies_quarterly_subICB_provider_q4_25_26.csv","MEASURE_NAME"
"2025-26-q4","quarterly","nhstalkingtherapies_quarterly_subICB_provider_q4_25_26.csv","MEASURE_VALUE_SUPPRESSED"
"2025-26-q4","quarterly","nhstalkingtherapies_quarterly_subICB_provider_q4_25_26.csv","Provider"
"2025-26-q4","quarterly","nhstalkingtherapies_quarterly_subICB_provider_q4_25_26.csv","ProviderName"
"2025-26-q4","quarterly","nhstalkingtherapies_quarterly_subICB_provider_q4_25_26.csv","REPORTING_PERIOD_END"
"2025-26-q4","quarterly","nhstalkingtherapies_quarterly_subICB_provider_q4_25_26.csv","REPORTING_PERIOD_START"
"2025-26-q4","quarterly","nhstalkingtherapies_quarterly_subICB_provider_q4_25_26.csv","SubICB"
"2025-26-q4","quarterly","nhstalkingtherapies_quarterly_subICB_provider_q4_25_26.csv","SubICBName"
"2025-26-q4","quarterly","nhstalkingtherapies_quarterly_subICB_provider_q4_25_26.csv","VariableA"
"2025-26-q4","quarterly","nhstalkingtherapies_quarterly_subICB_provider_q4_25_26.csv","VariableB"
"2025-26-q4","quarterly","nhstalkingtherapies_quarterly_subICB_provider_q4_25_26.csv","VariableType"
"2025-26-q3","quarterly","nhstalkingtherapies_quarterly_ICB_subICB_q3_25_26.csv","GroupType"
"2025-26-q3","quarterly","nhstalkingtherapies_quarterly_ICB_subICB_q3_25_26.csv","ICB"
"2025-26-q3","quarterly","nhstalkingtherapies_quarterly_ICB_subICB_q3_25_26.csv","ICBName"
"2025-26-q3","quarterly","nhstalkingtherapies_quarterly_ICB_subICB_q3_25_26.csv","MEASURE_ID"
"2025-26-q3","quarterly","nhstalkingtherapies_quarterly_ICB_subICB_q3_25_26.csv","MEASURE_NAME"
"2025-26-q3","quarterly","nhstalkingtherapies_quarterly_ICB_subICB_q3_25_26.csv","MEASURE_VALUE_SUPPRESSED"
"2025-26-q3","quarterly","nhstalkingtherapies_quarterly_ICB_subICB_q3_25_26.csv","Provider"
"2025-26-q3","quarterly","nhstalkingtherapies_quarterly_ICB_subICB_q3_25_26.csv","ProviderName"
"2025-26-q3","quarterly","nhstalkingtherapies_quarterly_ICB_subICB_q3_25_26.csv","REPORTING_PERIOD_END"
"2025-26-q3","quarterly","nhstalkingtherapies_quarterly_ICB_subICB_q3_25_26.csv","REPORTING_PERIOD_START"
"2025-26-q3","quarterly","nhstalkingtherapies_quarterly_ICB_subICB_q3_25_26.csv","SubICB"
"2025-26-q3","quarterly","nhstalkingtherapies_quarterly_ICB_subICB_q3_25_26.csv","SubICBName"
"2025-26-q3","quarterly","nhstalkingtherapies_quarterly_ICB_subICB_q3_25_26.csv","VariableA"
"2025-26-q3","quarterly","nhstalkingtherapies_quarterly_ICB_subICB_q3_25_26.csv","VariableB"
"2025-26-q3","quarterly","nhstalkingtherapies_quarterly_ICB_subICB_q3_25_26.csv","VariableType"
"2025-26-q3","quarterly","nhstalkingtherapies_quarterly_provider_q3_25_26.csv","GroupType"
"2025-26-q3","quarterly","nhstalkingtherapies_quarterly_provider_q3_25_26.csv","ICB"
"2025-26-q3","quarterly","nhstalkingtherapies_quarterly_provider_q3_25_26.csv","ICBName"
"2025-26-q3","quarterly","nhstalkingtherapies_quarterly_provider_q3_25_26.csv","MEASURE_ID"
"2025-26-q3","quarterly","nhstalkingtherapies_quarterly_provider_q3_25_26.csv","MEASURE_NAME"
"2025-26-q3","quarterly","nhstalkingtherapies_quarterly_provider_q3_25_26.csv","MEASURE_VALUE_SUPPRESSED"
"2025-26-q3","quarterly","nhstalkingtherapies_quarterly_provider_q3_25_26.csv","Provider"
"2025-26-q3","quarterly","nhstalkingtherapies_quarterly_provider_q3_25_26.csv","ProviderName"
"2025-26-q3","quarterly","nhstalkingtherapies_quarterly_provider_q3_25_26.csv","REPORTING_PERIOD_END"
"2025-26-q3","quarterly","nhstalkingtherapies_quarterly_provider_q3_25_26.csv","REPORTING_PERIOD_START"
"2025-26-q3","quarterly","nhstalkingtherapies_quarterly_provider_q3_25_26.csv","SubICB"
"2025-26-q3","quarterly","nhstalkingtherapies_quarterly_provider_q3_25_26.csv","SubICBName"
"2025-26-q3","quarterly","nhstalkingtherapies_quarterly_provider_q3_25_26.csv","VariableA"
"2025-26-q3","quarterly","nhstalkingtherapies_quarterly_provider_q3_25_26.csv","VariableB"
"2025-26-q3","quarterly","nhstalkingtherapies_quarterly_provider_q3_25_26.csv","VariableType"
"2025-26-q3","quarterly","nhstalkingtherapies_quarterly_subICB_provider_q3_25_26.csv","GroupType"
"2025-26-q3","quarterly","nhstalkingtherapies_quarterly_subICB_provider_q3_25_26.csv","ICB"
"2025-26-q3","quarterly","nhstalkingtherapies_quarterly_subICB_provider_q3_25_26.csv","ICBName"
"2025-26-q3","quarterly","nhstalkingtherapies_quarterly_subICB_provider_q3_25_26.csv","MEASURE_ID"
"2025-26-q3","quarterly","nhstalkingtherapies_quarterly_subICB_provider_q3_25_26.csv","MEASURE_NAME"
"2025-26-q3","quarterly","nhstalkingtherapies_quarterly_subICB_provider_q3_25_26.csv","MEASURE_VALUE_SUPPRESSED"
"2025-26-q3","quarterly","nhstalkingtherapies_quarterly_subICB_provider_q3_25_26.csv","Provider"
"2025-26-q3","quarterly","nhstalkingtherapies_quarterly_subICB_provider_q3_25_26.csv","ProviderName"
"2025-26-q3","quarterly","nhstalkingtherapies_quarterly_subICB_provider_q3_25_26.csv","REPORTING_PERIOD_END"
"2025-26-q3","quarterly","nhstalkingtherapies_quarterly_subICB_provider_q3_25_26.csv","REPORTING_PERIOD_START"
"2025-26-q3","quarterly","nhstalkingtherapies_quarterly_subICB_provider_q3_25_26.csv","SubICB"
"2025-26-q3","quarterly","nhstalkingtherapies_quarterly_subICB_provider_q3_25_26.csv","SubICBName"
"2025-26-q3","quarterly","nhstalkingtherapies_quarterly_subICB_provider_q3_25_26.csv","VariableA"
"2025-26-q3","quarterly","nhstalkingtherapies_quarterly_subICB_provider_q3_25_26.csv","VariableB"
"2025-26-q3","quarterly","nhstalkingtherapies_quarterly_subICB_provider_q3_25_26.csv","VariableType"
"2025-26-q2","quarterly","nhstalkingtherapies_quarterly_ICB_subICB_q2_25_26.csv","GroupType"
"2025-26-q2","quarterly","nhstalkingtherapies_quarterly_ICB_subICB_q2_25_26.csv","ICB"
"2025-26-q2","quarterly","nhstalkingtherapies_quarterly_ICB_subICB_q2_25_26.csv","ICBName"
"2025-26-q2","quarterly","nhstalkingtherapies_quarterly_ICB_subICB_q2_25_26.csv","MEASURE_ID"
"2025-26-q2","quarterly","nhstalkingtherapies_quarterly_ICB_subICB_q2_25_26.csv","MEASURE_NAME"
"2025-26-q2","quarterly","nhstalkingtherapies_quarterly_ICB_subICB_q2_25_26.csv","MEASURE_VALUE_SUPPRESSED"
"2025-26-q2","quarterly","nhstalkingtherapies_quarterly_ICB_subICB_q2_25_26.csv","Provider"
"2025-26-q2","quarterly","nhstalkingtherapies_quarterly_ICB_subICB_q2_25_26.csv","ProviderName"
"2025-26-q2","quarterly","nhstalkingtherapies_quarterly_ICB_subICB_q2_25_26.csv","REPORTING_PERIOD_END"
"2025-26-q2","quarterly","nhstalkingtherapies_quarterly_ICB_subICB_q2_25_26.csv","REPORTING_PERIOD_START"
"2025-26-q2","quarterly","nhstalkingtherapies_quarterly_ICB_subICB_q2_25_26.csv","SubICB"
"2025-26-q2","quarterly","nhstalkingtherapies_quarterly_ICB_subICB_q2_25_26.csv","SubICBName"
"2025-26-q2","quarterly","nhstalkingtherapies_quarterly_ICB_subICB_q2_25_26.csv","VariableA"
"2025-26-q2","quarterly","nhstalkingtherapies_quarterly_ICB_subICB_q2_25_26.csv","VariableB"
"2025-26-q2","quarterly","nhstalkingtherapies_quarterly_ICB_subICB_q2_25_26.csv","VariableType"
"2025-26-q2","quarterly","nhstalkingtherapies_quarterly_provider_q2_25_26.csv","GroupType"
"2025-26-q2","quarterly","nhstalkingtherapies_quarterly_provider_q2_25_26.csv","ICB"
"2025-26-q2","quarterly","nhstalkingtherapies_quarterly_provider_q2_25_26.csv","ICBName"
"2025-26-q2","quarterly","nhstalkingtherapies_quarterly_provider_q2_25_26.csv","MEASURE_ID"
"2025-26-q2","quarterly","nhstalkingtherapies_quarterly_provider_q2_25_26.csv","MEASURE_NAME"
"2025-26-q2","quarterly","nhstalkingtherapies_quarterly_provider_q2_25_26.csv","MEASURE_VALUE_SUPPRESSED"
"2025-26-q2","quarterly","nhstalkingtherapies_quarterly_provider_q2_25_26.csv","Provider"
"2025-26-q2","quarterly","nhstalkingtherapies_quarterly_provider_q2_25_26.csv","ProviderName"
"2025-26-q2","quarterly","nhstalkingtherapies_quarterly_provider_q2_25_26.csv","REPORTING_PERIOD_END"
"2025-26-q2","quarterly","nhstalkingtherapies_quarterly_provider_q2_25_26.csv","REPORTING_PERIOD_START"
"2025-26-q2","quarterly","nhstalkingtherapies_quarterly_provider_q2_25_26.csv","SubICB"
"2025-26-q2","quarterly","nhstalkingtherapies_quarterly_provider_q2_25_26.csv","SubICBName"
"2025-26-q2","quarterly","nhstalkingtherapies_quarterly_provider_q2_25_26.csv","VariableA"
"2025-26-q2","quarterly","nhstalkingtherapies_quarterly_provider_q2_25_26.csv","VariableB"
"2025-26-q2","quarterly","nhstalkingtherapies_quarterly_provider_q2_25_26.csv","VariableType"
"2025-26-q2","quarterly","nhstalkingtherapies_quarterly_subICB_provider_q2_25_26.csv","GroupType"
"2025-26-q2","quarterly","nhstalkingtherapies_quarterly_subICB_provider_q2_25_26.csv","ICB"
"2025-26-q2","quarterly","nhstalkingtherapies_quarterly_subICB_provider_q2_25_26.csv","ICBName"
"2025-26-q2","quarterly","nhstalkingtherapies_quarterly_subICB_provider_q2_25_26.csv","MEASURE_ID"
"2025-26-q2","quarterly","nhstalkingtherapies_quarterly_subICB_provider_q2_25_26.csv","MEASURE_NAME"
"2025-26-q2","quarterly","nhstalkingtherapies_quarterly_subICB_provider_q2_25_26.csv","MEASURE_VALUE_SUPPRESSED"
"2025-26-q2","quarterly","nhstalkingtherapies_quarterly_subICB_provider_q2_25_26.csv","Provider"
"2025-26-q2","quarterly","nhstalkingtherapies_quarterly_subICB_provider_q2_25_26.csv","ProviderName"
"2025-26-q2","quarterly","nhstalkingtherapies_quarterly_subICB_provider_q2_25_26.csv","REPORTING_PERIOD_END"
"2025-26-q2","quarterly","nhstalkingtherapies_quarterly_subICB_provider_q2_25_26.csv","REPORTING_PERIOD_START"
"2025-26-q2","quarterly","nhstalkingtherapies_quarterly_subICB_provider_q2_25_26.csv","SubICB"
"2025-26-q2","quarterly","nhstalkingtherapies_quarterly_subICB_provider_q2_25_26.csv","SubICBName"
"2025-26-q2","quarterly","nhstalkingtherapies_quarterly_subICB_provider_q2_25_26.csv","VariableA"
"2025-26-q2","quarterly","nhstalkingtherapies_quarterly_subICB_provider_q2_25_26.csv","VariableB"
"2025-26-q2","quarterly","nhstalkingtherapies_quarterly_subICB_provider_q2_25_26.csv","VariableType"
"2025-26-q1","quarterly","nhstalkingtherapies_quarterly_ICB_subICB_q1_25_26.csv","GroupType"
"2025-26-q1","quarterly","nhstalkingtherapies_quarterly_ICB_subICB_q1_25_26.csv","ICB"
"2025-26-q1","quarterly","nhstalkingtherapies_quarterly_ICB_subICB_q1_25_26.csv","ICBName"
"2025-26-q1","quarterly","nhstalkingtherapies_quarterly_ICB_subICB_q1_25_26.csv","MEASURE_ID"
"2025-26-q1","quarterly","nhstalkingtherapies_quarterly_ICB_subICB_q1_25_26.csv","MEASURE_NAME"
"2025-26-q1","quarterly","nhstalkingtherapies_quarterly_ICB_subICB_q1_25_26.csv","MEASURE_VALUE_SUPPRESSED"
"2025-26-q1","quarterly","nhstalkingtherapies_quarterly_ICB_subICB_q1_25_26.csv","Provider"
"2025-26-q1","quarterly","nhstalkingtherapies_quarterly_ICB_subICB_q1_25_26.csv","ProviderName"
"2025-26-q1","quarterly","nhstalkingtherapies_quarterly_ICB_subICB_q1_25_26.csv","REPORTING_PERIOD_END"
"2025-26-q1","quarterly","nhstalkingtherapies_quarterly_ICB_subICB_q1_25_26.csv","REPORTING_PERIOD_START"
"2025-26-q1","quarterly","nhstalkingtherapies_quarterly_ICB_subICB_q1_25_26.csv","SubICB"
"2025-26-q1","quarterly","nhstalkingtherapies_quarterly_ICB_subICB_q1_25_26.csv","SubICBName"
"2025-26-q1","quarterly","nhstalkingtherapies_quarterly_ICB_subICB_q1_25_26.csv","VariableA"
"2025-26-q1","quarterly","nhstalkingtherapies_quarterly_ICB_subICB_q1_25_26.csv","VariableB"
"2025-26-q1","quarterly","nhstalkingtherapies_quarterly_ICB_subICB_q1_25_26.csv","VariableType"
"2025-26-q1","quarterly","nhstalkingtherapies_quarterly_provider_q1_25_26.csv","GroupType"
"2025-26-q1","quarterly","nhstalkingtherapies_quarterly_provider_q1_25_26.csv","ICB"
"2025-26-q1","quarterly","nhstalkingtherapies_quarterly_provider_q1_25_26.csv","ICBName"
"2025-26-q1","quarterly","nhstalkingtherapies_quarterly_provider_q1_25_26.csv","MEASURE_ID"
"2025-26-q1","quarterly","nhstalkingtherapies_quarterly_provider_q1_25_26.csv","MEASURE_NAME"
"2025-26-q1","quarterly","nhstalkingtherapies_quarterly_provider_q1_25_26.csv","MEASURE_VALUE_SUPPRESSED"
"2025-26-q1","quarterly","nhstalkingtherapies_quarterly_provider_q1_25_26.csv","Provider"
"2025-26-q1","quarterly","nhstalkingtherapies_quarterly_provider_q1_25_26.csv","ProviderName"
"2025-26-q1","quarterly","nhstalkingtherapies_quarterly_provider_q1_25_26.csv","REPORTING_PERIOD_END"
"2025-26-q1","quarterly","nhstalkingtherapies_quarterly_provider_q1_25_26.csv","REPORTING_PERIOD_START"
"2025-26-q1","quarterly","nhstalkingtherapies_quarterly_provider_q1_25_26.csv","SubICB"
"2025-26-q1","quarterly","nhstalkingtherapies_quarterly_provider_q1_25_26.csv","SubICBName"
"2025-26-q1","quarterly","nhstalkingtherapies_quarterly_provider_q1_25_26.csv","VariableA"
"2025-26-q1","quarterly","nhstalkingtherapies_quarterly_provider_q1_25_26.csv","VariableB"
"2025-26-q1","quarterly","nhstalkingtherapies_quarterly_provider_q1_25_26.csv","VariableType"
"2025-26-q1","quarterly","nhstalkingtherapies_quarterly_subICB_provider_q1_25_26.csv","GroupType"
"2025-26-q1","quarterly","nhstalkingtherapies_quarterly_subICB_provider_q1_25_26.csv","ICB"
"2025-26-q1","quarterly","nhstalkingtherapies_quarterly_subICB_provider_q1_25_26.csv","ICBName"
"2025-26-q1","quarterly","nhstalkingtherapies_quarterly_subICB_provider_q1_25_26.csv","MEASURE_ID"
"2025-26-q1","quarterly","nhstalkingtherapies_quarterly_subICB_provider_q1_25_26.csv","MEASURE_NAME"
"2025-26-q1","quarterly","nhstalkingtherapies_quarterly_subICB_provider_q1_25_26.csv","MEASURE_VALUE_SUPPRESSED"
"2025-26-q1","quarterly","nhstalkingtherapies_quarterly_subICB_provider_q1_25_26.csv","Provider"
"2025-26-q1","quarterly","nhstalkingtherapies_quarterly_subICB_provider_q1_25_26.csv","ProviderName"
"2025-26-q1","quarterly","nhstalkingtherapies_quarterly_subICB_provider_q1_25_26.csv","REPORTING_PERIOD_END"
"2025-26-q1","quarterly","nhstalkingtherapies_quarterly_subICB_provider_q1_25_26.csv","REPORTING_PERIOD_START"
"2025-26-q1","quarterly","nhstalkingtherapies_quarterly_subICB_provider_q1_25_26.csv","SubICB"
"2025-26-q1","quarterly","nhstalkingtherapies_quarterly_subICB_provider_q1_25_26.csv","SubICBName"
"2025-26-q1","quarterly","nhstalkingtherapies_quarterly_subICB_provider_q1_25_26.csv","VariableA"
"2025-26-q1","quarterly","nhstalkingtherapies_quarterly_subICB_provider_q1_25_26.csv","VariableB"
"2025-26-q1","quarterly","nhstalkingtherapies_quarterly_subICB_provider_q1_25_26.csv","VariableType"
"2024-25-q4","quarterly","nhstalkingtherapies_quarterly_ICB_subICB_q4_24_25.csv","GroupType"
"2024-25-q4","quarterly","nhstalkingtherapies_quarterly_ICB_subICB_q4_24_25.csv","ICB"
"2024-25-q4","quarterly","nhstalkingtherapies_quarterly_ICB_subICB_q4_24_25.csv","ICBName"
"2024-25-q4","quarterly","nhstalkingtherapies_quarterly_ICB_subICB_q4_24_25.csv","MEASURE_ID"
"2024-25-q4","quarterly","nhstalkingtherapies_quarterly_ICB_subICB_q4_24_25.csv","MEASURE_NAME"
"2024-25-q4","quarterly","nhstalkingtherapies_quarterly_ICB_subICB_q4_24_25.csv","MEASURE_VALUE_SUPPRESSED"
"2024-25-q4","quarterly","nhstalkingtherapies_quarterly_ICB_subICB_q4_24_25.csv","Provider"
"2024-25-q4","quarterly","nhstalkingtherapies_quarterly_ICB_subICB_q4_24_25.csv","ProviderName"
"2024-25-q4","quarterly","nhstalkingtherapies_quarterly_ICB_subICB_q4_24_25.csv","REPORTING_PERIOD_END"
"2024-25-q4","quarterly","nhstalkingtherapies_quarterly_ICB_subICB_q4_24_25.csv","REPORTING_PERIOD_START"
"2024-25-q4","quarterly","nhstalkingtherapies_quarterly_ICB_subICB_q4_24_25.csv","SubICB"
"2024-25-q4","quarterly","nhstalkingtherapies_quarterly_ICB_subICB_q4_24_25.csv","SubICBName"
"2024-25-q4","quarterly","nhstalkingtherapies_quarterly_ICB_subICB_q4_24_25.csv","VariableA"
"2024-25-q4","quarterly","nhstalkingtherapies_quarterly_ICB_subICB_q4_24_25.csv","VariableB"
"2024-25-q4","quarterly","nhstalkingtherapies_quarterly_ICB_subICB_q4_24_25.csv","VariableType"
"2024-25-q4","quarterly","nhstalkingtherapies_quarterly_provider_q4_24_25.csv","GroupType"
"2024-25-q4","quarterly","nhstalkingtherapies_quarterly_provider_q4_24_25.csv","ICB"
"2024-25-q4","quarterly","nhstalkingtherapies_quarterly_provider_q4_24_25.csv","ICBName"
"2024-25-q4","quarterly","nhstalkingtherapies_quarterly_provider_q4_24_25.csv","MEASURE_ID"
"2024-25-q4","quarterly","nhstalkingtherapies_quarterly_provider_q4_24_25.csv","MEASURE_NAME"
"2024-25-q4","quarterly","nhstalkingtherapies_quarterly_provider_q4_24_25.csv","MEASURE_VALUE_SUPPRESSED"
"2024-25-q4","quarterly","nhstalkingtherapies_quarterly_provider_q4_24_25.csv","Provider"
"2024-25-q4","quarterly","nhstalkingtherapies_quarterly_provider_q4_24_25.csv","ProviderName"
"2024-25-q4","quarterly","nhstalkingtherapies_quarterly_provider_q4_24_25.csv","REPORTING_PERIOD_END"
"2024-25-q4","quarterly","nhstalkingtherapies_quarterly_provider_q4_24_25.csv","REPORTING_PERIOD_START"
"2024-25-q4","quarterly","nhstalkingtherapies_quarterly_provider_q4_24_25.csv","SubICB"
"2024-25-q4","quarterly","nhstalkingtherapies_quarterly_provider_q4_24_25.csv","SubICBName"
"2024-25-q4","quarterly","nhstalkingtherapies_quarterly_provider_q4_24_25.csv","VariableA"
"2024-25-q4","quarterly","nhstalkingtherapies_quarterly_provider_q4_24_25.csv","VariableB"
"2024-25-q4","quarterly","nhstalkingtherapies_quarterly_provider_q4_24_25.csv","VariableType"
"2024-25-q4","quarterly","nhstalkingtherapies_quarterly_subICB_provider_q4_24_25.csv","GroupType"
"2024-25-q4","quarterly","nhstalkingtherapies_quarterly_subICB_provider_q4_24_25.csv","ICB"
"2024-25-q4","quarterly","nhstalkingtherapies_quarterly_subICB_provider_q4_24_25.csv","ICBName"
"2024-25-q4","quarterly","nhstalkingtherapies_quarterly_subICB_provider_q4_24_25.csv","MEASURE_ID"
"2024-25-q4","quarterly","nhstalkingtherapies_quarterly_subICB_provider_q4_24_25.csv","MEASURE_NAME"
"2024-25-q4","quarterly","nhstalkingtherapies_quarterly_subICB_provider_q4_24_25.csv","MEASURE_VALUE_SUPPRESSED"
"2024-25-q4","quarterly","nhstalkingtherapies_quarterly_subICB_provider_q4_24_25.csv","Provider"
"2024-25-q4","quarterly","nhstalkingtherapies_quarterly_subICB_provider_q4_24_25.csv","ProviderName"
"2024-25-q4","quarterly","nhstalkingtherapies_quarterly_subICB_provider_q4_24_25.csv","REPORTING_PERIOD_END"
"2024-25-q4","quarterly","nhstalkingtherapies_quarterly_subICB_provider_q4_24_25.csv","REPORTING_PERIOD_START"
"2024-25-q4","quarterly","nhstalkingtherapies_quarterly_subICB_provider_q4_24_25.csv","SubICB"
"2024-25-q4","quarterly","nhstalkingtherapies_quarterly_subICB_provider_q4_24_25.csv","SubICBName"
"2024-25-q4","quarterly","nhstalkingtherapies_quarterly_subICB_provider_q4_24_25.csv","VariableA"
"2024-25-q4","quarterly","nhstalkingtherapies_quarterly_subICB_provider_q4_24_25.csv","VariableB"
"2024-25-q4","quarterly","nhstalkingtherapies_quarterly_subICB_provider_q4_24_25.csv","VariableType"
"2024-25-q3","quarterly","nhstalkingtherapies_quarterly_ICB_subICB_q3_24_25.csv","GroupType"
"2024-25-q3","quarterly","nhstalkingtherapies_quarterly_ICB_subICB_q3_24_25.csv","ICB"
"2024-25-q3","quarterly","nhstalkingtherapies_quarterly_ICB_subICB_q3_24_25.csv","ICBName"
"2024-25-q3","quarterly","nhstalkingtherapies_quarterly_ICB_subICB_q3_24_25.csv","MEASURE_ID"
"2024-25-q3","quarterly","nhstalkingtherapies_quarterly_ICB_subICB_q3_24_25.csv","MEASURE_NAME"
"2024-25-q3","quarterly","nhstalkingtherapies_quarterly_ICB_subICB_q3_24_25.csv","MEASURE_VALUE_SUPPRESSED"
"2024-25-q3","quarterly","nhstalkingtherapies_quarterly_ICB_subICB_q3_24_25.csv","Provider"
"2024-25-q3","quarterly","nhstalkingtherapies_quarterly_ICB_subICB_q3_24_25.csv","ProviderName"
"2024-25-q3","quarterly","nhstalkingtherapies_quarterly_ICB_subICB_q3_24_25.csv","REPORTING_PERIOD_END"
"2024-25-q3","quarterly","nhstalkingtherapies_quarterly_ICB_subICB_q3_24_25.csv","REPORTING_PERIOD_START"
"2024-25-q3","quarterly","nhstalkingtherapies_quarterly_ICB_subICB_q3_24_25.csv","SubICB"
"2024-25-q3","quarterly","nhstalkingtherapies_quarterly_ICB_subICB_q3_24_25.csv","SubICBName"
"2024-25-q3","quarterly","nhstalkingtherapies_quarterly_ICB_subICB_q3_24_25.csv","VariableA"
"2024-25-q3","quarterly","nhstalkingtherapies_quarterly_ICB_subICB_q3_24_25.csv","VariableB"
"2024-25-q3","quarterly","nhstalkingtherapies_quarterly_ICB_subICB_q3_24_25.csv","VariableType"
"2024-25-q3","quarterly","nhstalkingtherapies_quarterly_provider_q3_24_25.csv","GroupType"
"2024-25-q3","quarterly","nhstalkingtherapies_quarterly_provider_q3_24_25.csv","ICB"
"2024-25-q3","quarterly","nhstalkingtherapies_quarterly_provider_q3_24_25.csv","ICBName"
"2024-25-q3","quarterly","nhstalkingtherapies_quarterly_provider_q3_24_25.csv","MEASURE_ID"
"2024-25-q3","quarterly","nhstalkingtherapies_quarterly_provider_q3_24_25.csv","MEASURE_NAME"
"2024-25-q3","quarterly","nhstalkingtherapies_quarterly_provider_q3_24_25.csv","MEASURE_VALUE_SUPPRESSED"
"2024-25-q3","quarterly","nhstalkingtherapies_quarterly_provider_q3_24_25.csv","Provider"
"2024-25-q3","quarterly","nhstalkingtherapies_quarterly_provider_q3_24_25.csv","ProviderName"
"2024-25-q3","quarterly","nhstalkingtherapies_quarterly_provider_q3_24_25.csv","REPORTING_PERIOD_END"
"2024-25-q3","quarterly","nhstalkingtherapies_quarterly_provider_q3_24_25.csv","REPORTING_PERIOD_START"
"2024-25-q3","quarterly","nhstalkingtherapies_quarterly_provider_q3_24_25.csv","SubICB"
"2024-25-q3","quarterly","nhstalkingtherapies_quarterly_provider_q3_24_25.csv","SubICBName"
"2024-25-q3","quarterly","nhstalkingtherapies_quarterly_provider_q3_24_25.csv","VariableA"
"2024-25-q3","quarterly","nhstalkingtherapies_quarterly_provider_q3_24_25.csv","VariableB"
"2024-25-q3","quarterly","nhstalkingtherapies_quarterly_provider_q3_24_25.csv","VariableType"
"2024-25-q3","quarterly","nhstalkingtherapies_quarterly_subICB_provider_q3_24_25.csv","GroupType"
"2024-25-q3","quarterly","nhstalkingtherapies_quarterly_subICB_provider_q3_24_25.csv","ICB"
"2024-25-q3","quarterly","nhstalkingtherapies_quarterly_subICB_provider_q3_24_25.csv","ICBName"
"2024-25-q3","quarterly","nhstalkingtherapies_quarterly_subICB_provider_q3_24_25.csv","MEASURE_ID"
"2024-25-q3","quarterly","nhstalkingtherapies_quarterly_subICB_provider_q3_24_25.csv","MEASURE_NAME"
"2024-25-q3","quarterly","nhstalkingtherapies_quarterly_subICB_provider_q3_24_25.csv","MEASURE_VALUE_SUPPRESSED"
"2024-25-q3","quarterly","nhstalkingtherapies_quarterly_subICB_provider_q3_24_25.csv","Provider"
"2024-25-q3","quarterly","nhstalkingtherapies_quarterly_subICB_provider_q3_24_25.csv","ProviderName"
"2024-25-q3","quarterly","nhstalkingtherapies_quarterly_subICB_provider_q3_24_25.csv","REPORTING_PERIOD_END"
"2024-25-q3","quarterly","nhstalkingtherapies_quarterly_subICB_provider_q3_24_25.csv","REPORTING_PERIOD_START"
"2024-25-q3","quarterly","nhstalkingtherapies_quarterly_subICB_provider_q3_24_25.csv","SubICB"
"2024-25-q3","quarterly","nhstalkingtherapies_quarterly_subICB_provider_q3_24_25.csv","SubICBName"
"2024-25-q3","quarterly","nhstalkingtherapies_quarterly_subICB_provider_q3_24_25.csv","VariableA"
"2024-25-q3","quarterly","nhstalkingtherapies_quarterly_subICB_provider_q3_24_25.csv","VariableB"
"2024-25-q3","quarterly","nhstalkingtherapies_quarterly_subICB_provider_q3_24_25.csv","VariableType"
"2024-25-q2","quarterly","nhstalkingtherapies_quarterly_ICB_subICB_q2_24_25.csv","GroupType"
"2024-25-q2","quarterly","nhstalkingtherapies_quarterly_ICB_subICB_q2_24_25.csv","ICB"
"2024-25-q2","quarterly","nhstalkingtherapies_quarterly_ICB_subICB_q2_24_25.csv","ICBName"
"2024-25-q2","quarterly","nhstalkingtherapies_quarterly_ICB_subICB_q2_24_25.csv","MEASURE_ID"
"2024-25-q2","quarterly","nhstalkingtherapies_quarterly_ICB_subICB_q2_24_25.csv","MEASURE_NAME"
"2024-25-q2","quarterly","nhstalkingtherapies_quarterly_ICB_subICB_q2_24_25.csv","MEASURE_VALUE_SUPPRESSED"
"2024-25-q2","quarterly","nhstalkingtherapies_quarterly_ICB_subICB_q2_24_25.csv","Provider"
"2024-25-q2","quarterly","nhstalkingtherapies_quarterly_ICB_subICB_q2_24_25.csv","ProviderName"
"2024-25-q2","quarterly","nhstalkingtherapies_quarterly_ICB_subICB_q2_24_25.csv","REPORTING_PERIOD_END"
"2024-25-q2","quarterly","nhstalkingtherapies_quarterly_ICB_subICB_q2_24_25.csv","REPORTING_PERIOD_START"
"2024-25-q2","quarterly","nhstalkingtherapies_quarterly_ICB_subICB_q2_24_25.csv","SubICB"
"2024-25-q2","quarterly","nhstalkingtherapies_quarterly_ICB_subICB_q2_24_25.csv","SubICBName"
"2024-25-q2","quarterly","nhstalkingtherapies_quarterly_ICB_subICB_q2_24_25.csv","VariableA"
"2024-25-q2","quarterly","nhstalkingtherapies_quarterly_ICB_subICB_q2_24_25.csv","VariableB"
"2024-25-q2","quarterly","nhstalkingtherapies_quarterly_ICB_subICB_q2_24_25.csv","VariableType"
"2024-25-q2","quarterly","nhstalkingtherapies_quarterly_provider_q2_24_25.csv","GroupType"
"2024-25-q2","quarterly","nhstalkingtherapies_quarterly_provider_q2_24_25.csv","ICB"
"2024-25-q2","quarterly","nhstalkingtherapies_quarterly_provider_q2_24_25.csv","ICBName"
"2024-25-q2","quarterly","nhstalkingtherapies_quarterly_provider_q2_24_25.csv","MEASURE_ID"
"2024-25-q2","quarterly","nhstalkingtherapies_quarterly_provider_q2_24_25.csv","MEASURE_NAME"
"2024-25-q2","quarterly","nhstalkingtherapies_quarterly_provider_q2_24_25.csv","MEASURE_VALUE_SUPPRESSED"
"2024-25-q2","quarterly","nhstalkingtherapies_quarterly_provider_q2_24_25.csv","Provider"
"2024-25-q2","quarterly","nhstalkingtherapies_quarterly_provider_q2_24_25.csv","ProviderName"
"2024-25-q2","quarterly","nhstalkingtherapies_quarterly_provider_q2_24_25.csv","REPORTING_PERIOD_END"
"2024-25-q2","quarterly","nhstalkingtherapies_quarterly_provider_q2_24_25.csv","REPORTING_PERIOD_START"
"2024-25-q2","quarterly","nhstalkingtherapies_quarterly_provider_q2_24_25.csv","SubICB"
"2024-25-q2","quarterly","nhstalkingtherapies_quarterly_provider_q2_24_25.csv","SubICBName"
"2024-25-q2","quarterly","nhstalkingtherapies_quarterly_provider_q2_24_25.csv","VariableA"
"2024-25-q2","quarterly","nhstalkingtherapies_quarterly_provider_q2_24_25.csv","VariableB"
"2024-25-q2","quarterly","nhstalkingtherapies_quarterly_provider_q2_24_25.csv","VariableType"
"2024-25-q2","quarterly","nhstalkingtherapies_quarterly_subICB_provider_q2_24_25.csv","GroupType"
"2024-25-q2","quarterly","nhstalkingtherapies_quarterly_subICB_provider_q2_24_25.csv","ICB"
"2024-25-q2","quarterly","nhstalkingtherapies_quarterly_subICB_provider_q2_24_25.csv","ICBName"
"2024-25-q2","quarterly","nhstalkingtherapies_quarterly_subICB_provider_q2_24_25.csv","MEASURE_ID"
"2024-25-q2","quarterly","nhstalkingtherapies_quarterly_subICB_provider_q2_24_25.csv","MEASURE_NAME"
"2024-25-q2","quarterly","nhstalkingtherapies_quarterly_subICB_provider_q2_24_25.csv","MEASURE_VALUE_SUPPRESSED"
"2024-25-q2","quarterly","nhstalkingtherapies_quarterly_subICB_provider_q2_24_25.csv","Provider"
"2024-25-q2","quarterly","nhstalkingtherapies_quarterly_subICB_provider_q2_24_25.csv","ProviderName"
"2024-25-q2","quarterly","nhstalkingtherapies_quarterly_subICB_provider_q2_24_25.csv","REPORTING_PERIOD_END"
"2024-25-q2","quarterly","nhstalkingtherapies_quarterly_subICB_provider_q2_24_25.csv","REPORTING_PERIOD_START"
"2024-25-q2","quarterly","nhstalkingtherapies_quarterly_subICB_provider_q2_24_25.csv","SubICB"
"2024-25-q2","quarterly","nhstalkingtherapies_quarterly_subICB_provider_q2_24_25.csv","SubICBName"
"2024-25-q2","quarterly","nhstalkingtherapies_quarterly_subICB_provider_q2_24_25.csv","VariableA"
"2024-25-q2","quarterly","nhstalkingtherapies_quarterly_subICB_provider_q2_24_25.csv","VariableB"
"2024-25-q2","quarterly","nhstalkingtherapies_quarterly_subICB_provider_q2_24_25.csv","VariableType"
"2024-25-q1","quarterly","nhstalkingtherapies_quarterly_ICB_subICB_q1_24_25.csv","GroupType"
"2024-25-q1","quarterly","nhstalkingtherapies_quarterly_ICB_subICB_q1_24_25.csv","ICB"
"2024-25-q1","quarterly","nhstalkingtherapies_quarterly_ICB_subICB_q1_24_25.csv","ICBName"
"2024-25-q1","quarterly","nhstalkingtherapies_quarterly_ICB_subICB_q1_24_25.csv","MEASURE_ID"
"2024-25-q1","quarterly","nhstalkingtherapies_quarterly_ICB_subICB_q1_24_25.csv","MEASURE_NAME"
"2024-25-q1","quarterly","nhstalkingtherapies_quarterly_ICB_subICB_q1_24_25.csv","MEASURE_VALUE_SUPPRESSED"
"2024-25-q1","quarterly","nhstalkingtherapies_quarterly_ICB_subICB_q1_24_25.csv","Provider"
"2024-25-q1","quarterly","nhstalkingtherapies_quarterly_ICB_subICB_q1_24_25.csv","ProviderName"
"2024-25-q1","quarterly","nhstalkingtherapies_quarterly_ICB_subICB_q1_24_25.csv","REPORTING_PERIOD_END"
"2024-25-q1","quarterly","nhstalkingtherapies_quarterly_ICB_subICB_q1_24_25.csv","REPORTING_PERIOD_START"
"2024-25-q1","quarterly","nhstalkingtherapies_quarterly_ICB_subICB_q1_24_25.csv","SubICB"
"2024-25-q1","quarterly","nhstalkingtherapies_quarterly_ICB_subICB_q1_24_25.csv","SubICBName"
"2024-25-q1","quarterly","nhstalkingtherapies_quarterly_ICB_subICB_q1_24_25.csv","VariableA"
"2024-25-q1","quarterly","nhstalkingtherapies_quarterly_ICB_subICB_q1_24_25.csv","VariableB"
"2024-25-q1","quarterly","nhstalkingtherapies_quarterly_ICB_subICB_q1_24_25.csv","VariableType"
"2024-25-q1","quarterly","nhstalkingtherapies_quarterly_provider_q1_24_25.csv","GroupType"
"2024-25-q1","quarterly","nhstalkingtherapies_quarterly_provider_q1_24_25.csv","ICB"
"2024-25-q1","quarterly","nhstalkingtherapies_quarterly_provider_q1_24_25.csv","ICBName"
"2024-25-q1","quarterly","nhstalkingtherapies_quarterly_provider_q1_24_25.csv","MEASURE_ID"
"2024-25-q1","quarterly","nhstalkingtherapies_quarterly_provider_q1_24_25.csv","MEASURE_NAME"
"2024-25-q1","quarterly","nhstalkingtherapies_quarterly_provider_q1_24_25.csv","MEASURE_VALUE_SUPPRESSED"
"2024-25-q1","quarterly","nhstalkingtherapies_quarterly_provider_q1_24_25.csv","Provider"
"2024-25-q1","quarterly","nhstalkingtherapies_quarterly_provider_q1_24_25.csv","ProviderName"
"2024-25-q1","quarterly","nhstalkingtherapies_quarterly_provider_q1_24_25.csv","REPORTING_PERIOD_END"
"2024-25-q1","quarterly","nhstalkingtherapies_quarterly_provider_q1_24_25.csv","REPORTING_PERIOD_START"
"2024-25-q1","quarterly","nhstalkingtherapies_quarterly_provider_q1_24_25.csv","SubICB"
"2024-25-q1","quarterly","nhstalkingtherapies_quarterly_provider_q1_24_25.csv","SubICBName"
"2024-25-q1","quarterly","nhstalkingtherapies_quarterly_provider_q1_24_25.csv","VariableA"
"2024-25-q1","quarterly","nhstalkingtherapies_quarterly_provider_q1_24_25.csv","VariableB"
"2024-25-q1","quarterly","nhstalkingtherapies_quarterly_provider_q1_24_25.csv","VariableType"
"2024-25-q1","quarterly","nhstalkingtherapies_quarterly_subICB_provider_q1_24_25.csv","GroupType"
"2024-25-q1","quarterly","nhstalkingtherapies_quarterly_subICB_provider_q1_24_25.csv","ICB"
"2024-25-q1","quarterly","nhstalkingtherapies_quarterly_subICB_provider_q1_24_25.csv","ICBName"
"2024-25-q1","quarterly","nhstalkingtherapies_quarterly_subICB_provider_q1_24_25.csv","MEASURE_ID"
"2024-25-q1","quarterly","nhstalkingtherapies_quarterly_subICB_provider_q1_24_25.csv","MEASURE_NAME"
"2024-25-q1","quarterly","nhstalkingtherapies_quarterly_subICB_provider_q1_24_25.csv","MEASURE_VALUE_SUPPRESSED"
"2024-25-q1","quarterly","nhstalkingtherapies_quarterly_subICB_provider_q1_24_25.csv","Provider"
"2024-25-q1","quarterly","nhstalkingtherapies_quarterly_subICB_provider_q1_24_25.csv","ProviderName"
"2024-25-q1","quarterly","nhstalkingtherapies_quarterly_subICB_provider_q1_24_25.csv","REPORTING_PERIOD_END"
"2024-25-q1","quarterly","nhstalkingtherapies_quarterly_subICB_provider_q1_24_25.csv","REPORTING_PERIOD_START"
"2024-25-q1","quarterly","nhstalkingtherapies_quarterly_subICB_provider_q1_24_25.csv","SubICB"
"2024-25-q1","quarterly","nhstalkingtherapies_quarterly_subICB_provider_q1_24_25.csv","SubICBName"
"2024-25-q1","quarterly","nhstalkingtherapies_quarterly_subICB_provider_q1_24_25.csv","VariableA"
"2024-25-q1","quarterly","nhstalkingtherapies_quarterly_subICB_provider_q1_24_25.csv","VariableB"
"2024-25-q1","quarterly","nhstalkingtherapies_quarterly_subICB_provider_q1_24_25.csv","VariableType"
"2023-24-q4","quarterly","nhstalkingtherapies_quarterly_ICB_subICB_q4_23_24.csv","GroupType"
"2023-24-q4","quarterly","nhstalkingtherapies_quarterly_ICB_subICB_q4_23_24.csv","ICB"
"2023-24-q4","quarterly","nhstalkingtherapies_quarterly_ICB_subICB_q4_23_24.csv","ICBName"
"2023-24-q4","quarterly","nhstalkingtherapies_quarterly_ICB_subICB_q4_23_24.csv","MEASURE_ID"
"2023-24-q4","quarterly","nhstalkingtherapies_quarterly_ICB_subICB_q4_23_24.csv","MEASURE_NAME"
"2023-24-q4","quarterly","nhstalkingtherapies_quarterly_ICB_subICB_q4_23_24.csv","MEASURE_VALUE_SUPPRESSED"
"2023-24-q4","quarterly","nhstalkingtherapies_quarterly_ICB_subICB_q4_23_24.csv","Provider"
"2023-24-q4","quarterly","nhstalkingtherapies_quarterly_ICB_subICB_q4_23_24.csv","ProviderName"
"2023-24-q4","quarterly","nhstalkingtherapies_quarterly_ICB_subICB_q4_23_24.csv","REPORTING_PERIOD_END"
"2023-24-q4","quarterly","nhstalkingtherapies_quarterly_ICB_subICB_q4_23_24.csv","REPORTING_PERIOD_START"
"2023-24-q4","quarterly","nhstalkingtherapies_quarterly_ICB_subICB_q4_23_24.csv","SubICB"
"2023-24-q4","quarterly","nhstalkingtherapies_quarterly_ICB_subICB_q4_23_24.csv","SubICBName"
"2023-24-q4","quarterly","nhstalkingtherapies_quarterly_ICB_subICB_q4_23_24.csv","VariableA"
"2023-24-q4","quarterly","nhstalkingtherapies_quarterly_ICB_subICB_q4_23_24.csv","VariableB"
"2023-24-q4","quarterly","nhstalkingtherapies_quarterly_ICB_subICB_q4_23_24.csv","VariableType"
"2023-24-q4","quarterly","nhstalkingtherapies_quarterly_provider_q4_23_24.csv","GroupType"
"2023-24-q4","quarterly","nhstalkingtherapies_quarterly_provider_q4_23_24.csv","ICB"
"2023-24-q4","quarterly","nhstalkingtherapies_quarterly_provider_q4_23_24.csv","ICBName"
"2023-24-q4","quarterly","nhstalkingtherapies_quarterly_provider_q4_23_24.csv","MEASURE_ID"
"2023-24-q4","quarterly","nhstalkingtherapies_quarterly_provider_q4_23_24.csv","MEASURE_NAME"
"2023-24-q4","quarterly","nhstalkingtherapies_quarterly_provider_q4_23_24.csv","MEASURE_VALUE_SUPPRESSED"
"2023-24-q4","quarterly","nhstalkingtherapies_quarterly_provider_q4_23_24.csv","Provider"
"2023-24-q4","quarterly","nhstalkingtherapies_quarterly_provider_q4_23_24.csv","ProviderName"
"2023-24-q4","quarterly","nhstalkingtherapies_quarterly_provider_q4_23_24.csv","REPORTING_PERIOD_END"
"2023-24-q4","quarterly","nhstalkingtherapies_quarterly_provider_q4_23_24.csv","REPORTING_PERIOD_START"
"2023-24-q4","quarterly","nhstalkingtherapies_quarterly_provider_q4_23_24.csv","SubICB"
"2023-24-q4","quarterly","nhstalkingtherapies_quarterly_provider_q4_23_24.csv","SubICBName"
"2023-24-q4","quarterly","nhstalkingtherapies_quarterly_provider_q4_23_24.csv","VariableA"
"2023-24-q4","quarterly","nhstalkingtherapies_quarterly_provider_q4_23_24.csv","VariableB"
"2023-24-q4","quarterly","nhstalkingtherapies_quarterly_provider_q4_23_24.csv","VariableType"
"2023-24-q4","quarterly","nhstalkingtherapies_quarterly_subICB_provider_q4_23_24.csv","GroupType"
"2023-24-q4","quarterly","nhstalkingtherapies_quarterly_subICB_provider_q4_23_24.csv","ICB"
"2023-24-q4","quarterly","nhstalkingtherapies_quarterly_subICB_provider_q4_23_24.csv","ICBName"
"2023-24-q4","quarterly","nhstalkingtherapies_quarterly_subICB_provider_q4_23_24.csv","MEASURE_ID"
"2023-24-q4","quarterly","nhstalkingtherapies_quarterly_subICB_provider_q4_23_24.csv","MEASURE_NAME"
"2023-24-q4","quarterly","nhstalkingtherapies_quarterly_subICB_provider_q4_23_24.csv","MEASURE_VALUE_SUPPRESSED"
"2023-24-q4","quarterly","nhstalkingtherapies_quarterly_subICB_provider_q4_23_24.csv","Provider"
"2023-24-q4","quarterly","nhstalkingtherapies_quarterly_subICB_provider_q4_23_24.csv","ProviderName"
"2023-24-q4","quarterly","nhstalkingtherapies_quarterly_subICB_provider_q4_23_24.csv","REPORTING_PERIOD_END"
"2023-24-q4","quarterly","nhstalkingtherapies_quarterly_subICB_provider_q4_23_24.csv","REPORTING_PERIOD_START"
"2023-24-q4","quarterly","nhstalkingtherapies_quarterly_subICB_provider_q4_23_24.csv","SubICB"
"2023-24-q4","quarterly","nhstalkingtherapies_quarterly_subICB_provider_q4_23_24.csv","SubICBName"
"2023-24-q4","quarterly","nhstalkingtherapies_quarterly_subICB_provider_q4_23_24.csv","VariableA"
"2023-24-q4","quarterly","nhstalkingtherapies_quarterly_subICB_provider_q4_23_24.csv","VariableB"
"2023-24-q4","quarterly","nhstalkingtherapies_quarterly_subICB_provider_q4_23_24.csv","VariableType"
"2023-24-q3","quarterly","nhstalkingtherapies_quarterly_ICB_subICB_q3_23_24.csv","GroupType"
"2023-24-q3","quarterly","nhstalkingtherapies_quarterly_ICB_subICB_q3_23_24.csv","ICB"
"2023-24-q3","quarterly","nhstalkingtherapies_quarterly_ICB_subICB_q3_23_24.csv","ICBName"
"2023-24-q3","quarterly","nhstalkingtherapies_quarterly_ICB_subICB_q3_23_24.csv","MEASURE_ID"
"2023-24-q3","quarterly","nhstalkingtherapies_quarterly_ICB_subICB_q3_23_24.csv","MEASURE_NAME"
"2023-24-q3","quarterly","nhstalkingtherapies_quarterly_ICB_subICB_q3_23_24.csv","MEASURE_VALUE_SUPPRESSED"
"2023-24-q3","quarterly","nhstalkingtherapies_quarterly_ICB_subICB_q3_23_24.csv","Provider"
"2023-24-q3","quarterly","nhstalkingtherapies_quarterly_ICB_subICB_q3_23_24.csv","ProviderName"
"2023-24-q3","quarterly","nhstalkingtherapies_quarterly_ICB_subICB_q3_23_24.csv","REPORTING_PERIOD_END"
"2023-24-q3","quarterly","nhstalkingtherapies_quarterly_ICB_subICB_q3_23_24.csv","REPORTING_PERIOD_START"
"2023-24-q3","quarterly","nhstalkingtherapies_quarterly_ICB_subICB_q3_23_24.csv","SubICB"
"2023-24-q3","quarterly","nhstalkingtherapies_quarterly_ICB_subICB_q3_23_24.csv","SubICBName"
"2023-24-q3","quarterly","nhstalkingtherapies_quarterly_ICB_subICB_q3_23_24.csv","VariableA"
"2023-24-q3","quarterly","nhstalkingtherapies_quarterly_ICB_subICB_q3_23_24.csv","VariableB"
"2023-24-q3","quarterly","nhstalkingtherapies_quarterly_ICB_subICB_q3_23_24.csv","VariableType"
"2023-24-q3","quarterly","nhstalkingtherapies_quarterly_provider_q3_23_24.csv","GroupType"
"2023-24-q3","quarterly","nhstalkingtherapies_quarterly_provider_q3_23_24.csv","ICB"
"2023-24-q3","quarterly","nhstalkingtherapies_quarterly_provider_q3_23_24.csv","ICBName"
"2023-24-q3","quarterly","nhstalkingtherapies_quarterly_provider_q3_23_24.csv","MEASURE_ID"
"2023-24-q3","quarterly","nhstalkingtherapies_quarterly_provider_q3_23_24.csv","MEASURE_NAME"
"2023-24-q3","quarterly","nhstalkingtherapies_quarterly_provider_q3_23_24.csv","MEASURE_VALUE_SUPPRESSED"
"2023-24-q3","quarterly","nhstalkingtherapies_quarterly_provider_q3_23_24.csv","Provider"
"2023-24-q3","quarterly","nhstalkingtherapies_quarterly_provider_q3_23_24.csv","ProviderName"
"2023-24-q3","quarterly","nhstalkingtherapies_quarterly_provider_q3_23_24.csv","REPORTING_PERIOD_END"
"2023-24-q3","quarterly","nhstalkingtherapies_quarterly_provider_q3_23_24.csv","REPORTING_PERIOD_START"
"2023-24-q3","quarterly","nhstalkingtherapies_quarterly_provider_q3_23_24.csv","SubICB"
"2023-24-q3","quarterly","nhstalkingtherapies_quarterly_provider_q3_23_24.csv","SubICBName"
"2023-24-q3","quarterly","nhstalkingtherapies_quarterly_provider_q3_23_24.csv","VariableA"
"2023-24-q3","quarterly","nhstalkingtherapies_quarterly_provider_q3_23_24.csv","VariableB"
"2023-24-q3","quarterly","nhstalkingtherapies_quarterly_provider_q3_23_24.csv","VariableType"
"2023-24-q3","quarterly","nhstalkingtherapies_quarterly_subICB_provider_q3_23_24.csv","GroupType"
"2023-24-q3","quarterly","nhstalkingtherapies_quarterly_subICB_provider_q3_23_24.csv","ICB"
"2023-24-q3","quarterly","nhstalkingtherapies_quarterly_subICB_provider_q3_23_24.csv","ICBName"
"2023-24-q3","quarterly","nhstalkingtherapies_quarterly_subICB_provider_q3_23_24.csv","MEASURE_ID"
"2023-24-q3","quarterly","nhstalkingtherapies_quarterly_subICB_provider_q3_23_24.csv","MEASURE_NAME"
"2023-24-q3","quarterly","nhstalkingtherapies_quarterly_subICB_provider_q3_23_24.csv","MEASURE_VALUE_SUPPRESSED"
"2023-24-q3","quarterly","nhstalkingtherapies_quarterly_subICB_provider_q3_23_24.csv","Provider"
"2023-24-q3","quarterly","nhstalkingtherapies_quarterly_subICB_provider_q3_23_24.csv","ProviderName"
"2023-24-q3","quarterly","nhstalkingtherapies_quarterly_subICB_provider_q3_23_24.csv","REPORTING_PERIOD_END"
"2023-24-q3","quarterly","nhstalkingtherapies_quarterly_subICB_provider_q3_23_24.csv","REPORTING_PERIOD_START"
"2023-24-q3","quarterly","nhstalkingtherapies_quarterly_subICB_provider_q3_23_24.csv","SubICB"
"2023-24-q3","quarterly","nhstalkingtherapies_quarterly_subICB_provider_q3_23_24.csv","SubICBName"
"2023-24-q3","quarterly","nhstalkingtherapies_quarterly_subICB_provider_q3_23_24.csv","VariableA"
"2023-24-q3","quarterly","nhstalkingtherapies_quarterly_subICB_provider_q3_23_24.csv","VariableB"
"2023-24-q3","quarterly","nhstalkingtherapies_quarterly_subICB_provider_q3_23_24.csv","VariableType"
"2023-24-q2","quarterly","nhstalkingtherapies_quarterly_ICB_subICB_q2_23_24.csv","GroupType"
"2023-24-q2","quarterly","nhstalkingtherapies_quarterly_ICB_subICB_q2_23_24.csv","ICB"
"2023-24-q2","quarterly","nhstalkingtherapies_quarterly_ICB_subICB_q2_23_24.csv","ICBName"
"2023-24-q2","quarterly","nhstalkingtherapies_quarterly_ICB_subICB_q2_23_24.csv","MEASURE_ID"
"2023-24-q2","quarterly","nhstalkingtherapies_quarterly_ICB_subICB_q2_23_24.csv","MEASURE_NAME"
"2023-24-q2","quarterly","nhstalkingtherapies_quarterly_ICB_subICB_q2_23_24.csv","MEASURE_VALUE_SUPPRESSED"
"2023-24-q2","quarterly","nhstalkingtherapies_quarterly_ICB_subICB_q2_23_24.csv","Provider"
"2023-24-q2","quarterly","nhstalkingtherapies_quarterly_ICB_subICB_q2_23_24.csv","ProviderName"
"2023-24-q2","quarterly","nhstalkingtherapies_quarterly_ICB_subICB_q2_23_24.csv","REPORTING_PERIOD_END"
"2023-24-q2","quarterly","nhstalkingtherapies_quarterly_ICB_subICB_q2_23_24.csv","REPORTING_PERIOD_START"
"2023-24-q2","quarterly","nhstalkingtherapies_quarterly_ICB_subICB_q2_23_24.csv","SubICB"
"2023-24-q2","quarterly","nhstalkingtherapies_quarterly_ICB_subICB_q2_23_24.csv","SubICBName"
"2023-24-q2","quarterly","nhstalkingtherapies_quarterly_ICB_subICB_q2_23_24.csv","VariableA"
"2023-24-q2","quarterly","nhstalkingtherapies_quarterly_ICB_subICB_q2_23_24.csv","VariableB"
"2023-24-q2","quarterly","nhstalkingtherapies_quarterly_ICB_subICB_q2_23_24.csv","VariableType"
"2023-24-q2","quarterly","nhstalkingtherapies_quarterly_provider_q2_23_24.csv","GroupType"
"2023-24-q2","quarterly","nhstalkingtherapies_quarterly_provider_q2_23_24.csv","ICB"
"2023-24-q2","quarterly","nhstalkingtherapies_quarterly_provider_q2_23_24.csv","ICBName"
"2023-24-q2","quarterly","nhstalkingtherapies_quarterly_provider_q2_23_24.csv","MEASURE_ID"
"2023-24-q2","quarterly","nhstalkingtherapies_quarterly_provider_q2_23_24.csv","MEASURE_NAME"
"2023-24-q2","quarterly","nhstalkingtherapies_quarterly_provider_q2_23_24.csv","MEASURE_VALUE_SUPPRESSED"
"2023-24-q2","quarterly","nhstalkingtherapies_quarterly_provider_q2_23_24.csv","Provider"
"2023-24-q2","quarterly","nhstalkingtherapies_quarterly_provider_q2_23_24.csv","ProviderName"
"2023-24-q2","quarterly","nhstalkingtherapies_quarterly_provider_q2_23_24.csv","REPORTING_PERIOD_END"
"2023-24-q2","quarterly","nhstalkingtherapies_quarterly_provider_q2_23_24.csv","REPORTING_PERIOD_START"
"2023-24-q2","quarterly","nhstalkingtherapies_quarterly_provider_q2_23_24.csv","SubICB"
"2023-24-q2","quarterly","nhstalkingtherapies_quarterly_provider_q2_23_24.csv","SubICBName"
"2023-24-q2","quarterly","nhstalkingtherapies_quarterly_provider_q2_23_24.csv","VariableA"
"2023-24-q2","quarterly","nhstalkingtherapies_quarterly_provider_q2_23_24.csv","VariableB"
"2023-24-q2","quarterly","nhstalkingtherapies_quarterly_provider_q2_23_24.csv","VariableType"
"2023-24-q2","quarterly","nhstalkingtherapies_quarterly_subICB_provider_q2_23_24.csv","GroupType"
"2023-24-q2","quarterly","nhstalkingtherapies_quarterly_subICB_provider_q2_23_24.csv","ICB"
"2023-24-q2","quarterly","nhstalkingtherapies_quarterly_subICB_provider_q2_23_24.csv","ICBName"
"2023-24-q2","quarterly","nhstalkingtherapies_quarterly_subICB_provider_q2_23_24.csv","MEASURE_ID"
"2023-24-q2","quarterly","nhstalkingtherapies_quarterly_subICB_provider_q2_23_24.csv","MEASURE_NAME"
"2023-24-q2","quarterly","nhstalkingtherapies_quarterly_subICB_provider_q2_23_24.csv","MEASURE_VALUE_SUPPRESSED"
"2023-24-q2","quarterly","nhstalkingtherapies_quarterly_subICB_provider_q2_23_24.csv","Provider"
"2023-24-q2","quarterly","nhstalkingtherapies_quarterly_subICB_provider_q2_23_24.csv","ProviderName"
"2023-24-q2","quarterly","nhstalkingtherapies_quarterly_subICB_provider_q2_23_24.csv","REPORTING_PERIOD_END"
"2023-24-q2","quarterly","nhstalkingtherapies_quarterly_subICB_provider_q2_23_24.csv","REPORTING_PERIOD_START"
"2023-24-q2","quarterly","nhstalkingtherapies_quarterly_subICB_provider_q2_23_24.csv","SubICB"
"2023-24-q2","quarterly","nhstalkingtherapies_quarterly_subICB_provider_q2_23_24.csv","SubICBName"
"2023-24-q2","quarterly","nhstalkingtherapies_quarterly_subICB_provider_q2_23_24.csv","VariableA"
"2023-24-q2","quarterly","nhstalkingtherapies_quarterly_subICB_provider_q2_23_24.csv","VariableB"
"2023-24-q2","quarterly","nhstalkingtherapies_quarterly_subICB_provider_q2_23_24.csv","VariableType"
"2023-24-q1","quarterly","nhstalkingtherapies_quarterly_ICB_subICB_q1_23_24.csv","GroupType"
"2023-24-q1","quarterly","nhstalkingtherapies_quarterly_ICB_subICB_q1_23_24.csv","ICB"
"2023-24-q1","quarterly","nhstalkingtherapies_quarterly_ICB_subICB_q1_23_24.csv","ICBName"
"2023-24-q1","quarterly","nhstalkingtherapies_quarterly_ICB_subICB_q1_23_24.csv","MEASURE_ID"
"2023-24-q1","quarterly","nhstalkingtherapies_quarterly_ICB_subICB_q1_23_24.csv","MEASURE_NAME"
"2023-24-q1","quarterly","nhstalkingtherapies_quarterly_ICB_subICB_q1_23_24.csv","MEASURE_VALUE_SUPPRESSED"
"2023-24-q1","quarterly","nhstalkingtherapies_quarterly_ICB_subICB_q1_23_24.csv","Provider"
"2023-24-q1","quarterly","nhstalkingtherapies_quarterly_ICB_subICB_q1_23_24.csv","ProviderName"
"2023-24-q1","quarterly","nhstalkingtherapies_quarterly_ICB_subICB_q1_23_24.csv","REPORTING_PERIOD_END"
"2023-24-q1","quarterly","nhstalkingtherapies_quarterly_ICB_subICB_q1_23_24.csv","REPORTING_PERIOD_START"
"2023-24-q1","quarterly","nhstalkingtherapies_quarterly_ICB_subICB_q1_23_24.csv","SubICB"
"2023-24-q1","quarterly","nhstalkingtherapies_quarterly_ICB_subICB_q1_23_24.csv","SubICBName"
"2023-24-q1","quarterly","nhstalkingtherapies_quarterly_ICB_subICB_q1_23_24.csv","VariableA"
"2023-24-q1","quarterly","nhstalkingtherapies_quarterly_ICB_subICB_q1_23_24.csv","VariableB"
"2023-24-q1","quarterly","nhstalkingtherapies_quarterly_ICB_subICB_q1_23_24.csv","VariableType"
"2023-24-q1","quarterly","nhstalkingtherapies_quarterly_provider_q1_23_24.csv","GroupType"
"2023-24-q1","quarterly","nhstalkingtherapies_quarterly_provider_q1_23_24.csv","ICB"
"2023-24-q1","quarterly","nhstalkingtherapies_quarterly_provider_q1_23_24.csv","ICBName"
"2023-24-q1","quarterly","nhstalkingtherapies_quarterly_provider_q1_23_24.csv","MEASURE_ID"
"2023-24-q1","quarterly","nhstalkingtherapies_quarterly_provider_q1_23_24.csv","MEASURE_NAME"
"2023-24-q1","quarterly","nhstalkingtherapies_quarterly_provider_q1_23_24.csv","MEASURE_VALUE_SUPPRESSED"
"2023-24-q1","quarterly","nhstalkingtherapies_quarterly_provider_q1_23_24.csv","Provider"
"2023-24-q1","quarterly","nhstalkingtherapies_quarterly_provider_q1_23_24.csv","ProviderName"
"2023-24-q1","quarterly","nhstalkingtherapies_quarterly_provider_q1_23_24.csv","REPORTING_PERIOD_END"
"2023-24-q1","quarterly","nhstalkingtherapies_quarterly_provider_q1_23_24.csv","REPORTING_PERIOD_START"
"2023-24-q1","quarterly","nhstalkingtherapies_quarterly_provider_q1_23_24.csv","SubICB"
"2023-24-q1","quarterly","nhstalkingtherapies_quarterly_provider_q1_23_24.csv","SubICBName"
"2023-24-q1","quarterly","nhstalkingtherapies_quarterly_provider_q1_23_24.csv","VariableA"
"2023-24-q1","quarterly","nhstalkingtherapies_quarterly_provider_q1_23_24.csv","VariableB"
"2023-24-q1","quarterly","nhstalkingtherapies_quarterly_provider_q1_23_24.csv","VariableType"
"2023-24-q1","quarterly","nhstalkingtherapies_quarterly_subICB_provider_q1_23_24.csv","GroupType"
"2023-24-q1","quarterly","nhstalkingtherapies_quarterly_subICB_provider_q1_23_24.csv","ICB"
"2023-24-q1","quarterly","nhstalkingtherapies_quarterly_subICB_provider_q1_23_24.csv","ICBName"
"2023-24-q1","quarterly","nhstalkingtherapies_quarterly_subICB_provider_q1_23_24.csv","MEASURE_ID"
"2023-24-q1","quarterly","nhstalkingtherapies_quarterly_subICB_provider_q1_23_24.csv","MEASURE_NAME"
"2023-24-q1","quarterly","nhstalkingtherapies_quarterly_subICB_provider_q1_23_24.csv","MEASURE_VALUE_SUPPRESSED"
"2023-24-q1","quarterly","nhstalkingtherapies_quarterly_subICB_provider_q1_23_24.csv","Provider"
"2023-24-q1","quarterly","nhstalkingtherapies_quarterly_subICB_provider_q1_23_24.csv","ProviderName"
"2023-24-q1","quarterly","nhstalkingtherapies_quarterly_subICB_provider_q1_23_24.csv","REPORTING_PERIOD_END"
"2023-24-q1","quarterly","nhstalkingtherapies_quarterly_subICB_provider_q1_23_24.csv","REPORTING_PERIOD_START"
"2023-24-q1","quarterly","nhstalkingtherapies_quarterly_subICB_provider_q1_23_24.csv","SubICB"
"2023-24-q1","quarterly","nhstalkingtherapies_quarterly_subICB_provider_q1_23_24.csv","SubICBName"
"2023-24-q1","quarterly","nhstalkingtherapies_quarterly_subICB_provider_q1_23_24.csv","VariableA"
"2023-24-q1","quarterly","nhstalkingtherapies_quarterly_subICB_provider_q1_23_24.csv","VariableB"
"2023-24-q1","quarterly","nhstalkingtherapies_quarterly_subICB_provider_q1_23_24.csv","VariableType"
"2022-23-q4","quarterly","iapt_quarterly_ICB_subICB_q4_22_23.csv","GroupType"
"2022-23-q4","quarterly","iapt_quarterly_ICB_subICB_q4_22_23.csv","ICB"
"2022-23-q4","quarterly","iapt_quarterly_ICB_subICB_q4_22_23.csv","ICBName"
"2022-23-q4","quarterly","iapt_quarterly_ICB_subICB_q4_22_23.csv","MEASURE_ID"
"2022-23-q4","quarterly","iapt_quarterly_ICB_subICB_q4_22_23.csv","MEASURE_NAME"
"2022-23-q4","quarterly","iapt_quarterly_ICB_subICB_q4_22_23.csv","MEASURE_VALUE_SUPPRESSED"
"2022-23-q4","quarterly","iapt_quarterly_ICB_subICB_q4_22_23.csv","Provider"
"2022-23-q4","quarterly","iapt_quarterly_ICB_subICB_q4_22_23.csv","ProviderName"
"2022-23-q4","quarterly","iapt_quarterly_ICB_subICB_q4_22_23.csv","REPORTING_PERIOD_END"
"2022-23-q4","quarterly","iapt_quarterly_ICB_subICB_q4_22_23.csv","REPORTING_PERIOD_START"
"2022-23-q4","quarterly","iapt_quarterly_ICB_subICB_q4_22_23.csv","SubICB"
"2022-23-q4","quarterly","iapt_quarterly_ICB_subICB_q4_22_23.csv","SubICBName"
"2022-23-q4","quarterly","iapt_quarterly_ICB_subICB_q4_22_23.csv","VariableA"
"2022-23-q4","quarterly","iapt_quarterly_ICB_subICB_q4_22_23.csv","VariableB"
"2022-23-q4","quarterly","iapt_quarterly_ICB_subICB_q4_22_23.csv","VariableType"
"2022-23-q4","quarterly","iapt_quarterly_provider_q4_22_23.csv","GroupType"
"2022-23-q4","quarterly","iapt_quarterly_provider_q4_22_23.csv","ICB"
"2022-23-q4","quarterly","iapt_quarterly_provider_q4_22_23.csv","ICBName"
"2022-23-q4","quarterly","iapt_quarterly_provider_q4_22_23.csv","MEASURE_ID"
"2022-23-q4","quarterly","iapt_quarterly_provider_q4_22_23.csv","MEASURE_NAME"
"2022-23-q4","quarterly","iapt_quarterly_provider_q4_22_23.csv","MEASURE_VALUE_SUPPRESSED"
"2022-23-q4","quarterly","iapt_quarterly_provider_q4_22_23.csv","Provider"
"2022-23-q4","quarterly","iapt_quarterly_provider_q4_22_23.csv","ProviderName"
"2022-23-q4","quarterly","iapt_quarterly_provider_q4_22_23.csv","REPORTING_PERIOD_END"
"2022-23-q4","quarterly","iapt_quarterly_provider_q4_22_23.csv","REPORTING_PERIOD_START"
"2022-23-q4","quarterly","iapt_quarterly_provider_q4_22_23.csv","SubICB"
"2022-23-q4","quarterly","iapt_quarterly_provider_q4_22_23.csv","SubICBName"
"2022-23-q4","quarterly","iapt_quarterly_provider_q4_22_23.csv","VariableA"
"2022-23-q4","quarterly","iapt_quarterly_provider_q4_22_23.csv","VariableB"
"2022-23-q4","quarterly","iapt_quarterly_provider_q4_22_23.csv","VariableType"
"2022-23-q4","quarterly","iapt_quarterly_subICB_provider_q4_22_23.csv","GroupType"
"2022-23-q4","quarterly","iapt_quarterly_subICB_provider_q4_22_23.csv","ICB"
"2022-23-q4","quarterly","iapt_quarterly_subICB_provider_q4_22_23.csv","ICBName"
"2022-23-q4","quarterly","iapt_quarterly_subICB_provider_q4_22_23.csv","MEASURE_ID"
"2022-23-q4","quarterly","iapt_quarterly_subICB_provider_q4_22_23.csv","MEASURE_NAME"
"2022-23-q4","quarterly","iapt_quarterly_subICB_provider_q4_22_23.csv","MEASURE_VALUE_SUPPRESSED"
"2022-23-q4","quarterly","iapt_quarterly_subICB_provider_q4_22_23.csv","Provider"
"2022-23-q4","quarterly","iapt_quarterly_subICB_provider_q4_22_23.csv","ProviderName"
"2022-23-q4","quarterly","iapt_quarterly_subICB_provider_q4_22_23.csv","REPORTING_PERIOD_END"
"2022-23-q4","quarterly","iapt_quarterly_subICB_provider_q4_22_23.csv","REPORTING_PERIOD_START"
"2022-23-q4","quarterly","iapt_quarterly_subICB_provider_q4_22_23.csv","SubICB"
"2022-23-q4","quarterly","iapt_quarterly_subICB_provider_q4_22_23.csv","SubICBName"
"2022-23-q4","quarterly","iapt_quarterly_subICB_provider_q4_22_23.csv","VariableA"
"2022-23-q4","quarterly","iapt_quarterly_subICB_provider_q4_22_23.csv","VariableB"
"2022-23-q4","quarterly","iapt_quarterly_subICB_provider_q4_22_23.csv","VariableType"
"2022-23-q3","quarterly","iapt_quarterly_ICB_subICB_q3_22_23.csv","GroupType"
"2022-23-q3","quarterly","iapt_quarterly_ICB_subICB_q3_22_23.csv","ICB"
"2022-23-q3","quarterly","iapt_quarterly_ICB_subICB_q3_22_23.csv","ICBName"
"2022-23-q3","quarterly","iapt_quarterly_ICB_subICB_q3_22_23.csv","MEASURE_ID"
"2022-23-q3","quarterly","iapt_quarterly_ICB_subICB_q3_22_23.csv","MEASURE_NAME"
"2022-23-q3","quarterly","iapt_quarterly_ICB_subICB_q3_22_23.csv","MEASURE_VALUE_SUPPRESSED"
"2022-23-q3","quarterly","iapt_quarterly_ICB_subICB_q3_22_23.csv","Provider"
"2022-23-q3","quarterly","iapt_quarterly_ICB_subICB_q3_22_23.csv","ProviderName"
"2022-23-q3","quarterly","iapt_quarterly_ICB_subICB_q3_22_23.csv","REPORTING_PERIOD_END"
"2022-23-q3","quarterly","iapt_quarterly_ICB_subICB_q3_22_23.csv","REPORTING_PERIOD_START"
"2022-23-q3","quarterly","iapt_quarterly_ICB_subICB_q3_22_23.csv","SubICB"
"2022-23-q3","quarterly","iapt_quarterly_ICB_subICB_q3_22_23.csv","SubICBName"
"2022-23-q3","quarterly","iapt_quarterly_ICB_subICB_q3_22_23.csv","VariableA"
"2022-23-q3","quarterly","iapt_quarterly_ICB_subICB_q3_22_23.csv","VariableB"
"2022-23-q3","quarterly","iapt_quarterly_ICB_subICB_q3_22_23.csv","VariableType"
"2022-23-q3","quarterly","iapt_quarterly_provider_q3_22_23.csv","GroupType"
"2022-23-q3","quarterly","iapt_quarterly_provider_q3_22_23.csv","ICB"
"2022-23-q3","quarterly","iapt_quarterly_provider_q3_22_23.csv","ICBName"
"2022-23-q3","quarterly","iapt_quarterly_provider_q3_22_23.csv","MEASURE_ID"
"2022-23-q3","quarterly","iapt_quarterly_provider_q3_22_23.csv","MEASURE_NAME"
"2022-23-q3","quarterly","iapt_quarterly_provider_q3_22_23.csv","MEASURE_VALUE_SUPPRESSED"
"2022-23-q3","quarterly","iapt_quarterly_provider_q3_22_23.csv","Provider"
"2022-23-q3","quarterly","iapt_quarterly_provider_q3_22_23.csv","ProviderName"
"2022-23-q3","quarterly","iapt_quarterly_provider_q3_22_23.csv","REPORTING_PERIOD_END"
"2022-23-q3","quarterly","iapt_quarterly_provider_q3_22_23.csv","REPORTING_PERIOD_START"
"2022-23-q3","quarterly","iapt_quarterly_provider_q3_22_23.csv","SubICB"
"2022-23-q3","quarterly","iapt_quarterly_provider_q3_22_23.csv","SubICBName"
"2022-23-q3","quarterly","iapt_quarterly_provider_q3_22_23.csv","VariableA"
"2022-23-q3","quarterly","iapt_quarterly_provider_q3_22_23.csv","VariableB"
"2022-23-q3","quarterly","iapt_quarterly_provider_q3_22_23.csv","VariableType"
"2022-23-q3","quarterly","iapt_quarterly_subICB_provider_q3_22_23.csv","GroupType"
"2022-23-q3","quarterly","iapt_quarterly_subICB_provider_q3_22_23.csv","ICB"
"2022-23-q3","quarterly","iapt_quarterly_subICB_provider_q3_22_23.csv","ICBName"
"2022-23-q3","quarterly","iapt_quarterly_subICB_provider_q3_22_23.csv","MEASURE_ID"
"2022-23-q3","quarterly","iapt_quarterly_subICB_provider_q3_22_23.csv","MEASURE_NAME"
"2022-23-q3","quarterly","iapt_quarterly_subICB_provider_q3_22_23.csv","MEASURE_VALUE_SUPPRESSED"
"2022-23-q3","quarterly","iapt_quarterly_subICB_provider_q3_22_23.csv","Provider"
"2022-23-q3","quarterly","iapt_quarterly_subICB_provider_q3_22_23.csv","ProviderName"
"2022-23-q3","quarterly","iapt_quarterly_subICB_provider_q3_22_23.csv","REPORTING_PERIOD_END"
"2022-23-q3","quarterly","iapt_quarterly_subICB_provider_q3_22_23.csv","REPORTING_PERIOD_START"
"2022-23-q3","quarterly","iapt_quarterly_subICB_provider_q3_22_23.csv","SubICB"
"2022-23-q3","quarterly","iapt_quarterly_subICB_provider_q3_22_23.csv","SubICBName"
"2022-23-q3","quarterly","iapt_quarterly_subICB_provider_q3_22_23.csv","VariableA"
"2022-23-q3","quarterly","iapt_quarterly_subICB_provider_q3_22_23.csv","VariableB"
"2022-23-q3","quarterly","iapt_quarterly_subICB_provider_q3_22_23.csv","VariableType"
"2022-23-q2","quarterly","iapt_quarterly_ICB_subICB_q2_22_23 (2).csv","GroupType"
"2022-23-q2","quarterly","iapt_quarterly_ICB_subICB_q2_22_23 (2).csv","ICB"
"2022-23-q2","quarterly","iapt_quarterly_ICB_subICB_q2_22_23 (2).csv","ICBName"
"2022-23-q2","quarterly","iapt_quarterly_ICB_subICB_q2_22_23 (2).csv","MEASURE_ID"
"2022-23-q2","quarterly","iapt_quarterly_ICB_subICB_q2_22_23 (2).csv","MEASURE_NAME"
"2022-23-q2","quarterly","iapt_quarterly_ICB_subICB_q2_22_23 (2).csv","MEASURE_VALUE_SUPPRESSED"
"2022-23-q2","quarterly","iapt_quarterly_ICB_subICB_q2_22_23 (2).csv","Provider"
"2022-23-q2","quarterly","iapt_quarterly_ICB_subICB_q2_22_23 (2).csv","ProviderName"
"2022-23-q2","quarterly","iapt_quarterly_ICB_subICB_q2_22_23 (2).csv","REPORTING_PERIOD_END"
"2022-23-q2","quarterly","iapt_quarterly_ICB_subICB_q2_22_23 (2).csv","REPORTING_PERIOD_START"
"2022-23-q2","quarterly","iapt_quarterly_ICB_subICB_q2_22_23 (2).csv","SubICB"
"2022-23-q2","quarterly","iapt_quarterly_ICB_subICB_q2_22_23 (2).csv","SubICBName"
"2022-23-q2","quarterly","iapt_quarterly_ICB_subICB_q2_22_23 (2).csv","VariableA"
"2022-23-q2","quarterly","iapt_quarterly_ICB_subICB_q2_22_23 (2).csv","VariableB"
"2022-23-q2","quarterly","iapt_quarterly_ICB_subICB_q2_22_23 (2).csv","VariableType"
"2022-23-q2","quarterly","iapt_quarterly_provider_q2_22_23 (2).csv","GroupType"
"2022-23-q2","quarterly","iapt_quarterly_provider_q2_22_23 (2).csv","ICB"
"2022-23-q2","quarterly","iapt_quarterly_provider_q2_22_23 (2).csv","ICBName"
"2022-23-q2","quarterly","iapt_quarterly_provider_q2_22_23 (2).csv","MEASURE_ID"
"2022-23-q2","quarterly","iapt_quarterly_provider_q2_22_23 (2).csv","MEASURE_NAME"
"2022-23-q2","quarterly","iapt_quarterly_provider_q2_22_23 (2).csv","MEASURE_VALUE_SUPPRESSED"
"2022-23-q2","quarterly","iapt_quarterly_provider_q2_22_23 (2).csv","Provider"
"2022-23-q2","quarterly","iapt_quarterly_provider_q2_22_23 (2).csv","ProviderName"
"2022-23-q2","quarterly","iapt_quarterly_provider_q2_22_23 (2).csv","REPORTING_PERIOD_END"
"2022-23-q2","quarterly","iapt_quarterly_provider_q2_22_23 (2).csv","REPORTING_PERIOD_START"
"2022-23-q2","quarterly","iapt_quarterly_provider_q2_22_23 (2).csv","SubICB"
"2022-23-q2","quarterly","iapt_quarterly_provider_q2_22_23 (2).csv","SubICBName"
"2022-23-q2","quarterly","iapt_quarterly_provider_q2_22_23 (2).csv","VariableA"
"2022-23-q2","quarterly","iapt_quarterly_provider_q2_22_23 (2).csv","VariableB"
"2022-23-q2","quarterly","iapt_quarterly_provider_q2_22_23 (2).csv","VariableType"
"2022-23-q2","quarterly","iapt_quarterly_subICB_provider_q2_22_23 (2).csv","GroupType"
"2022-23-q2","quarterly","iapt_quarterly_subICB_provider_q2_22_23 (2).csv","ICB"
"2022-23-q2","quarterly","iapt_quarterly_subICB_provider_q2_22_23 (2).csv","ICBName"
"2022-23-q2","quarterly","iapt_quarterly_subICB_provider_q2_22_23 (2).csv","MEASURE_ID"
"2022-23-q2","quarterly","iapt_quarterly_subICB_provider_q2_22_23 (2).csv","MEASURE_NAME"
"2022-23-q2","quarterly","iapt_quarterly_subICB_provider_q2_22_23 (2).csv","MEASURE_VALUE_SUPPRESSED"
"2022-23-q2","quarterly","iapt_quarterly_subICB_provider_q2_22_23 (2).csv","Provider"
"2022-23-q2","quarterly","iapt_quarterly_subICB_provider_q2_22_23 (2).csv","ProviderName"
"2022-23-q2","quarterly","iapt_quarterly_subICB_provider_q2_22_23 (2).csv","REPORTING_PERIOD_END"
"2022-23-q2","quarterly","iapt_quarterly_subICB_provider_q2_22_23 (2).csv","REPORTING_PERIOD_START"
"2022-23-q2","quarterly","iapt_quarterly_subICB_provider_q2_22_23 (2).csv","SubICB"
"2022-23-q2","quarterly","iapt_quarterly_subICB_provider_q2_22_23 (2).csv","SubICBName"
"2022-23-q2","quarterly","iapt_quarterly_subICB_provider_q2_22_23 (2).csv","VariableA"
"2022-23-q2","quarterly","iapt_quarterly_subICB_provider_q2_22_23 (2).csv","VariableB"
"2022-23-q2","quarterly","iapt_quarterly_subICB_provider_q2_22_23 (2).csv","VariableType"
